[{"name":"Bitcoin","id":1,"symbol":"BTC","price":35663.449383070474},{"name":"Ethereum","id":1027,"symbol":"ETH","price":2219.0556266925514},{"name":"XRP","id":52,"symbol":"XRP","price":0.79717534026461},{"name":"Dogecoin","id":74,"symbol":"DOGE","price":0.29262679856826},{"name":"Cardano","id":2010,"symbol":"ADA","price":1.42197812790327},{"name":"Tether","id":825,"symbol":"USDT","price":1.00191522020514},{"name":"Binance Coin","id":1839,"symbol":"BNB","price":336.6250349348989},{"name":"Polkadot","id":6636,"symbol":"DOT","price":21.04918114280411},{"name":"Litecoin","id":2,"symbol":"LTC","price":156.4157176418511},{"name":"Dai","id":4943,"symbol":"DAI","price":1.00171470733131},{"name":"Monero","id":328,"symbol":"XMR","price":268.5234258102076},{"name":"Dash","id":131,"symbol":"DASH","price":154.46014096586808}]